J	TREASURYS	Slowdown in Corporate Bond Issuance Could Boost Investment-Grade Debt	Paul J. Davies	Oct. 16, 2020 12:22 pm ET	Markets this year have soaked up a record-breaking wave of new bond sales from companies looking to amass cash to get through the economic disruptions caused by the Covid-induced crisis.	https://www.wsj.com/articles/slowdown-in-corporate-bond-issuance-could-boost-investment-grade-debt-11602865327?mod=searchresults&page=1&pos=1
J	ART REVIEW	Building Up Their Memory	Michael J. Lewis	Oct. 14, 2020 2:27 pm ET	The Memorial to Enslaved Laborers at the University of Virginia honors the thousands of slaves who constructed the school, many of whom remain unidentified.	https://www.wsj.com/articles/building-up-their-memory-11602700039?mod=searchresults&page=1&pos=2
J	MY RIDE	The Forgotten British Race Car With Ferrari Flair	A.J. Baime	Oct. 13, 2020 9:49 am ET	The “coolest thing” about Ford Heacock III’s 1961 Sunbeam Harrington Alpine is that it competed in the famed 12 Hours of Sebring wearing the Italian carmaker’s logo.	https://www.wsj.com/articles/the-forgotten-british-race-car-with-ferrari-flair-11602596978?mod=searchresults&page=1&pos=3
J	ESSAY	Is the Supreme Court Too Catholic?	Matthew J. Franck	Oct. 8, 2020 10:28 am ET	From Antonin Scalia to Amy Coney Barrett, opposition to Catholic nominees has been mainly about the politics of abortion, not their religious faith.	https://www.wsj.com/articles/is-the-supreme-court-too-catholic-11602167306?mod=searchresults&page=1&pos=4
J	MY RIDE	The Audi R8 That Rezz Takes for a Spin	A.J. Baime	Oct. 6, 2020 9:31 am ET	Inspired by fellow Canadian artist Deadmau5, the star DJ had her 2018 car wrapped to give it this unique look.	https://www.wsj.com/articles/the-audi-r8-that-rezz-takes-for-a-spin-11601991083?mod=searchresults&page=1&pos=5
J	MARKETS	Bonds Were a Safety Net When Stocks Fell. Investors Fret They Aren’t Anymore.	Paul J. Davies	Oct. 5, 2020 4:48 am ET	A reliable link between stocks and government bonds that defined a popular investment strategy for decades has broken this year. Some investors worry the rupture is permanent.	https://www.wsj.com/articles/bonds-were-a-safety-net-when-stocks-fell-investors-fret-they-arent-anymore-11601887725?mod=searchresults&page=1&pos=6
J	HOMES	In Colorado, a Sky-High Cabin Compound Goes Midcentury Modern	J.S. Marcus	Sep. 30, 2020 12:00 pm ET	The Iuppenlatz couple bought two mining claims in the San Juan Mountains and built a luxurious 3,300-square-foot compound.	https://www.wsj.com/articles/in-colorado-a-sky-high-cabin-compound-goes-midcentury-modern-11601481651?mod=searchresults&page=1&pos=7
J	MARKETS	Singapore Shuts Wirecard Payments Operation	Chong Koh Ping, Paul J. Davies	Sep. 30, 2020 11:43 am ET	Singapore’s central bank ordered Wirecard AG to shut its local payment network and return customer funds, the latest step in the dismantling of the former fintech star following alleged multibillion-dollar fraud.	https://www.wsj.com/articles/singapore-shuts-wirecard-payments-operation-11601480609?mod=searchresults&page=1&pos=8
J	FINANCE	Bond Markets Signal Investors’ Jitters Ahead of First Presidential Debate	Paul J. Davies	Sep. 29, 2020 2:00 pm ET	Investors in Treasury markets showed signs of nervousness ahead of the first debate among candidates in this year’s U.S. presidential election.	https://www.wsj.com/articles/bond-markets-signal-investors-jitters-ahead-of-first-presidential-debate-11601387400?mod=searchresults&page=1&pos=9
J	MY RIDE	The Chevy Chevelle That Proved Its Worth	A.J. Baime	Sep. 29, 2020 10:18 am ET	Selling the car for $2,500 before college, this owner had no idea how much he’d be willing to pay for it years later; “It’s all about having fun.”	https://www.wsj.com/articles/the-chevy-chevelle-that-proved-its-worth-11601389100?mod=searchresults&page=1&pos=10
J	COMMENTARY	No Need to Sweat Covid Vaccination Rates	Tomas J. Philipson	Sep. 23, 2020 6:41 pm ET	As long as seniors and essential workers are immunized, deaths will drop and life can resume.	https://www.wsj.com/articles/no-need-to-sweat-covid-vaccination-rates-11600900897?mod=searchresults&page=1&pos=11
J	BOOKSHELF	‘Law & Leviathan’ Review: Self-Government Minus the Self	Adam J. White	Sep. 23, 2020 6:38 pm ET	Two Harvard professors—one from the left, the other from the right—defend the ‘morality’ of the administrative state.	https://www.wsj.com/articles/law-leviathan-review-self-government-minus-the-self-11600900717?mod=searchresults&page=1&pos=12
J	EXHIBITION REVIEW	‘Shofuso and Modernism: Mid-Century Collaboration Between Japan and Philadelphia’ Review: A Cross-Cultural Home	Michael J. Lewis	Sep. 23, 2020 3:45 pm ET	A model Japanese house in Philadelphia’s Fairmount Park contains—and is the star attraction of—an exhibition celebrating four remarkable designers who worked together in 1930s Tokyo.	https://www.wsj.com/articles/shofuso-and-modernism-mid-century-collaboration-between-japan-and-philadelphia-review-a-cross-cultural-home-11600890314?mod=searchresults&page=1&pos=13
J	HOMES	Doubling Down on a Modern Farmhouse Design on Long Island	J.S. Marcus	Sep. 23, 2020 3:35 pm ET	The Kobus family relocated to New York, spending $2.8 million and nearly seven years to re-create their home.	https://www.wsj.com/articles/doubling-down-on-the-design-of-a-long-island-farmhouse-11600889721?mod=searchresults&page=1&pos=14
J	MY RIDE	A Classic Lamborghini That Needs Its Own Talent Agent	A.J. Baime	Sep. 22, 2020 9:49 am ET	This 1988 Countach 5000 QV has appeared in a video with Cindy Crawford and a magazine shoot with Diddy.	https://www.wsj.com/articles/a-classic-lamborghini-that-needs-its-own-talent-agent-11600782570?mod=searchresults&page=1&pos=15
J	TREASURYS	Banks Pile Into Treasurys, Helping to Fund Government Borrowing Spree	Paul J. Davies, Sam Goldfarb	Sep. 20, 2020 8:00 am ET	Surging deposits and declining lending are driving banks to dramatically increase their holdings of U.S. Treasurys, offering significant support to the bond market at a time of unprecedented government borrowing.	https://www.wsj.com/articles/banks-pile-into-treasurys-helping-to-fund-government-borrowing-spree-11600603200?mod=searchresults&page=1&pos=16
J	ICONS	Rediscovering a Renaissance Man	J.S. Marcus	Sep. 18, 2020 1:58 pm ET	The 16th-century German artist Albrecht Altdorfer, once celebrated by the Nazis, gets a new look at the Louvre	https://www.wsj.com/articles/rediscovering-a-renaissance-man-11600451890?mod=searchresults&page=1&pos=17
J	COMMENTARY	The Age of the ‘Unknown Unknowns’	Richard J. Shinder	Sep. 17, 2020 6:55 pm ET	The big lesson of 2020: Companies can’t count on government to deal with unanticipated risks.	https://www.wsj.com/articles/the-age-of-the-unknown-unknowns-11600383351?mod=searchresults&page=1&pos=18
J	TREASURYS	Presidential Election Is the Only Cloud for Credit Investors	Paul J. Davies	Sep. 17, 2020 8:47 am ET	The only cloud on the horizon for credit investors, based on options markets, is the U.S. presidential election in November.	https://www.wsj.com/articles/presidential-election-is-the-only-cloud-for-credit-investors-11600346863?mod=searchresults&page=1&pos=19
J	MY RIDE	Here’s the Thing: This Volkswagen Isn’t Like Other Cars	A.J. Baime	Sep. 15, 2020 9:37 am ET	A 16-year-old has mastered driving this bizarre and rare 1973 Volkswagen Thing, which in a past life was a prize in a bet on college football.	https://www.wsj.com/articles/heres-the-thing-this-volkswagen-isnt-like-other-cars-11600177027?mod=searchresults&page=1&pos=20
Jack Marshall	BUSINESS	Online Ad Prices Rise as Industry Combats Counterfeit Inventory, Google Says	Jack Marshall	Nov. 30, 2017 2:09 pm ET	Attempts to combat counterfeit, or “spoofed,” online advertising space are showing signs of success, according to online ad giant Google.	https://www.wsj.com/articles/online-ad-prices-rise-as-industry-combats-counterfeit-inventory-google-says-1512068974?mod=searchresults&page=1&pos=1
Jack Marshall	BUSINESS	Online Publishers Adopt Standards to Help Readers Spot Trustworthy News	Jack Marshall	Nov. 16, 2017 5:01 am ET	News publishers and technology companies have agreed to adopt a set of transparency standards in an attempt to help readers better assess the quality and reliability of the journalism they find on the web.	https://www.wsj.com/articles/online-publishers-adopt-standards-to-help-readers-spot-trustworthy-news-1510787798?mod=searchresults&page=1&pos=2
Jack Marshall	BUSINESS	CMO Today: AT&T-Time Warner Pushback; Roku’s Growing Ad Revenue; Web Summit Recap	Jack Marshall	Nov. 9, 2017 7:56 am ET	Here's your morning roundup of the biggest marketing, advertising and media industry news and happenings.	https://www.wsj.com/articles/cmo-today-at-t-time-warner-pushback-rokus-growing-ad-revenue-web-summit-recap-1510232193?mod=searchresults&page=1&pos=3
Jack Marshall	BUSINESS	CMO Today: Snap’s Slow Growth; Facebook Messaging Tools for Businesses; Disney vs. L.A. Times	Jack Marshall	Nov. 8, 2017 7:48 am ET	Here's your morning roundup of the biggest marketing, advertising and media industry news and happenings.	https://www.wsj.com/articles/cmo-today-snaps-slow-growth-facebook-messaging-tools-for-businesses-disney-vs-l-a-times-1510145327?mod=searchresults&page=1&pos=4
Jack Marshall	BUSINESS	Mattress Company Shutters Web Publication, Pivots to Print	Jack Marshall	Nov. 7, 2017 7:30 am ET	Mattress brand Casper is launching a print magazine called Woolly and shuttering Van Winkle’s, the sleep-focused online publication it launched in 2015.	https://www.wsj.com/articles/mattress-company-shutters-web-publication-pivots-to-print-1510057802?mod=searchresults&page=1&pos=5
Jack Marshall	BUSINESS	CMO Today: More Video Quality Issues for YouTube; Advertisers Rethink NFL; Outcome Health Loses Customers	Jack Marshall	Nov. 6, 2017 7:43 am ET	Here's your morning roundup of the biggest marketing, advertising and media industry news and happenings.	https://www.wsj.com/articles/cmo-today-more-video-quality-issues-for-youtube-advertisers-rethink-nfl-outcome-health-loses-customers-1509972205?mod=searchresults&page=1&pos=6
Jack Marshall	BUSINESS	Niche Online Publishers Bank on Subscriptions Over Advertising	Jack Marshall	Nov. 1, 2017 6:00 am ET	A growing number of independent publishers, whose audiences are too small for significant ad revenue, are using new technology to help them sell subscriptions.	https://www.wsj.com/articles/niche-online-publishers-bank-on-subscriptions-over-advertising-1509530403?mod=searchresults&page=1&pos=7
Jack Marshall	BUSINESS	Financial Times Finds Counterfeit Ad Space Was Offered by at Least Six Companies	Jack Marshall	Oct. 9, 2017 11:41 am ET	The Financial Times has determined that a host of advertising technology companies offered counterfeit, or “spoofed,” FT ad space, suggesting that some of the industry’s major players are unable to prevent the fraudulent tactic.	https://www.wsj.com/articles/financial-times-finds-counterfeit-ad-space-was-offered-by-at-least-six-companies-1507563713?mod=searchresults&page=1&pos=8
Jack Marshall	CMO	Google Tells Publishers, ‘We Come in Peace’	Jack Marshall	Oct. 3, 2017 4:26 pm ET	At an event in Chicago, the web giant rolled out new tools for publishers, including plans to let readers subscribe to publications with a single click.	https://www.wsj.com/articles/google-tells-publishers-we-come-in-peace-1507062361?mod=searchresults&page=1&pos=9
Jack Marshall	BUSINESS	‘Spoofed’ Online Ads Irk Publishers and Marketers	Jack Marshall	Sep. 28, 2017 9:00 am ET	Publishers and marketers are concerned by “domain spoofing,” with which bad actors pretend the digital ad space they are selling is on websites it isn’t.	https://www.wsj.com/articles/spoofed-online-ads-irk-publishers-and-marketers-1506603602?mod=searchresults&page=1&pos=10
Jack Marshall	BUSINESS	Playbuzz Raises $35 Million To Grow Content Creation Platform	Jack Marshall	Sep. 27, 2017 7:00 am ET	Online content creation platform Playbuzz has raised an additional $35 million, the company announced Wednesday, bringing its total funding to $66 million.	https://www.wsj.com/articles/playbuzz-raises-35-million-to-grow-content-creation-platform-1506510004?mod=searchresults&page=1&pos=11
Jack Marshall	BUSINESS	CMO Today: Google’s Fraud Refunds; The Duopoly Grows; More Facebook Ad Tweaks	Jack Marshall	Sep. 22, 2017 7:50 am ET	Here's your morning roundup of the biggest marketing, advertising and media industry news and happenings.	https://www.wsj.com/articles/cmo-today-googles-fraud-refunds-the-duopoly-grows-more-facebook-ad-tweaks-1506081013?mod=searchresults&page=1&pos=12
Jack Marshall	CMO	Google and Its Partners Will Issue Refunds to Advertisers Over Fake Traffic	Jack Marshall	Sep. 21, 2017 5:32 pm ET	Alphabet Inc.’s Google confirmed it will issue refunds for ads bought through its systems that ran on websites with fake traffic and said a handful of its partners have agreed to do the same.	https://www.wsj.com/articles/google-and-its-partners-will-issue-refunds-to-advertisers-over-fake-traffic-1506029542?mod=searchresults&page=1&pos=13
Jack Marshall	BUSINESS	CMO Today: Facebook Changes Ad Systems; comScore Criticism; Sports Rights Get Pricey	Jack Marshall	Sep. 21, 2017 8:20 am ET	Here's your morning roundup of the biggest marketing, advertising and media industry news and happenings.	https://www.wsj.com/articles/cmo-today-facebook-changes-ad-systems-comscore-criticism-sports-rights-get-pricey-1505996402?mod=searchresults&page=1&pos=14
Jack Marshall	BUSINESS	Ad Trade Groups Protest Apple’s Move to Limit Use of Browser Data	Alexandra Bruell, Jack Marshall	Sep. 14, 2017 5:12 pm ET	Six advertising trade associations have teamed up toApple’s latest move to block advertisers from collecting certain data that helps them target ads to Apple device users.	https://www.wsj.com/articles/ad-trade-groups-protest-apples-move-to-limit-use-of-browser-data-1505423574?mod=searchresults&page=1&pos=15
Jack Marshall	BUSINESS	Facebook Bars Advertisers from Altering News Headlines	Jack Marshall	Sep. 14, 2017 1:49 pm ET	The social network said it will stop allowing advertisers who promote news articles on the site to modify the headlines and descriptions that appear with them, a practice that some publishers say misrepresents their work.	https://www.wsj.com/articles/facebook-bars-advertisers-from-altering-news-headlines-1505411363?mod=searchresults&page=1&pos=16
Jack Marshall	CMO	Facebook Pitches Brand Safety Ahead of Video Ad Push	Jack Marshall	Sep. 13, 2017 9:30 am ET	As Facebook ramps up its new ‘in-stream’ video advertising, the social media company is attempting to avoid the brand safety headaches that have plagued rivals such as YouTube in recent months.	https://www.wsj.com/articles/facebook-pitches-brand-safety-ahead-of-video-ad-push-1505309401?mod=searchresults&page=1&pos=17
Jack Marshall	CMO TODAY NEWSLETTER	CMO Today: Sports-Free Streaming Bundle; Lower Ad Forecasts; More Drama at comScore	Jack Marshall	Sep. 12, 2017 7:47 am ET	Here's your morning roundup of the biggest marketing, advertising and media industry news and happenings.	https://www.wsj.com/articles/cmo-today-sports-free-streaming-bundle-lower-ad-forecasts-more-drama-at-comscore-1505216873?mod=searchresults&page=1&pos=18
Jack Marshall	CMO TODAY NEWSLETTER	CMO Today: Irma Hits Florida and NFL Ratings; Empty Department Stores as Marketing; Publishers Weigh Privacy Regulations	Jack Marshall	Sep. 11, 2017 8:18 am ET	Here's your morning roundup of the biggest marketing, advertising and media industry news and happenings.	https://www.wsj.com/articles/cmo-today-empty-department-stores-as-marketing-irma-hits-florida-and-nfl-ratings-publishers-weigh-privacy-regulations-1505132289?mod=searchresults&page=1&pos=19
Jack Marshall	BUSINESS	Spotify Teams Up With Hulu to Offer Streaming Entertainment Bundle	Jack Marshall	Sep. 7, 2017 9:00 am ET	Spotify and Hulu are offering a streaming entertainment bundle, aiming to lure subscribers to both the music and video services for a cheaper monthly payment.	https://www.wsj.com/articles/spotify-teams-up-with-hulu-to-offer-streaming-entertainment-bundle-1504789201?mod=searchresults&page=1&pos=20
Armental	TECH	TikTok Supplier Fastly Cuts Expectations, Cites Weakness at Video App	Maria Armental	Oct. 14, 2020 7:48 pm ET	Fastly Inc. lost more than a quarter of its value late Wednesday after the internet content deliverer lowered its revenue guidance because of reduced use from its largest customer.	https://www.wsj.com/articles/tiktok-supplier-fastly-cuts-expectations-cites-weakness-at-video-app-11602719314?mod=searchresults&page=1&pos=1
Armental	TECH	PC Demand During Pandemic Fuels Strongest U.S. Market Growth in a Decade	Maria Armental	Oct. 12, 2020 7:26 pm ET	Remote work, study and home entertainment in the midst of the pandemic boosted personal-computer sales in the third quarter.	https://www.wsj.com/articles/pc-demand-during-pandemic-drives-strongest-u-s-market-growth-in-a-decade-11602537956?mod=searchresults&page=1&pos=2
Armental	WSJ PRO PRO VC INDUSTRY NEWS	5AM-Backed Blank-Check Company Files for IPO	Maria Armental	Sep. 25, 2020 2:28 pm ET	5:01 Acquisition would focus on health care and biotech investments. Auditors, however, have raised concerns it could run out of money within a year.	https://www.wsj.com/articles/5am-backed-blank-check-company-files-for-ipo-11601058508?mod=searchresults&page=1&pos=3
DORAL FINANCIAL CORP	null	Trump’s Businesses Face Debt Deadlines Amid Economic Slowdown	Brian Spegele , Cezary Podkul	October 9, 2020 10:04 am ET	The Trump Organization is looking at paying more to borrow, getting smaller loans or selling some of its assets to manage more than $400 million of debt coming due on properties hit hard by the economic downturn.	https://www.wsj.com/articles/trumps-businesses-face-debt-deadlines-amid-economic-slowdown-11602252225	1778
DORAL FINANCIAL CORP	null	Trump’s Appointee to Puerto Rico Board Criticizes Its Record	Andrew Scurria	October 9, 2020 05:30 am ET	The move Wednesday to appoint Justin Peterson, a Republican communications consultant, to the board supervising Puerto Rico’s finances took investors, lawmakers and board officials themselves by surprise, according to people familiar with the matter.	https://www.wsj.com/articles/trumps-appointee-to-puerto-rico-board-criticizes-its-record-11602235800	1778
DORAL FINANCIAL CORP	null	Trump Reports Increased Revenue at Some High-Profile Properties	Rebecca Ballhaus and Chad Day	July 31, 2020 10:11 pm ET	President Trump’s revenue at several of his highest-profile properties grew last year, a financial disclosure released by the White House on Friday evening showed.	https://www.wsj.com/articles/trump-reports-increased-revenue-at-some-high-profile-properties-11596241784	1778
DORAL FINANCIAL CORP	null	Deutsche Says It Has Trump-Related Tax Returns Sought by Congress	Rebecca Ballhaus and Corinne Ramey	August 28, 2019 05:53 am ET	Deutsche Bank has copies of tax returns sought under a congressional subpoena for the president and his family’s financial information, the bank told a federal appeals court on Tuesday.	https://www.wsj.com/articles/deutsche-bank-tells-court-it-has-trump-tax-returns-sought-by-congress-11566946669	1778
DORAL FINANCIAL CORP	null	Second Federal Judge Rules Trump Can’t Block Subpoenas of Financial Documents	Corinne Ramey	May 22, 2019 06:56 pm ET	A federal judge in New York ruled Wednesday that President Trump can’t block subpoenas that House Democrats sent to two banks asking for documents related to his business and family.	https://www.wsj.com/articles/second-federal-judge-rules-trump-cant-block-subpoenas-of-financial-documents-11558559850	1778
DORAL FINANCIAL CORP	null	Trump’s Revenue Falls at Some of His Most Visible Properties	Rebecca Ballhaus and Coulter Jones	May 16, 2019 04:37 pm ET	President Trump’s revenue from several of his most high-profile properties fell last year, including a nearly $2.5 million drop at his Florida resort Mar-a-Lago and a $1 million decline at one of his Florida golf resorts, his new financial disclosure reveals.	https://www.wsj.com/articles/trumps-official-financial-disclosure-released-11558028138	1778
DORAL FINANCIAL CORP	null	Trumps and Businesses Sue Deutsche Bank and Capital One	Byron Tau , David Benoit , Rebecca Ballhaus	April 30, 2019 06:56 pm ET	President Trump, three of his children and his real-estate businesses filed a lawsuit to block Deutsche Bank and Capital One from complying with congressional subpoenas for documents related to him and his family.	https://www.wsj.com/articles/trumps-and-businesses-sue-deutsche-bank-and-capital-one-11556595269	1778
DORAL FINANCIAL CORP	null	Why the Fed Made a U-Turn; Jobs Report Won’t Change Fed Stance	null	February 4, 2019 07:35 am ET	The Wall Street Journal’s central banking newsletter for Monday, Feb. 4, 2019.	https://www.wsj.com/articles/why-the-fed-made-a-u-turn-jobs-report-wont-change-fed-stance-11549283748	1778
DORAL FINANCIAL CORP	null	Bankrupt Gibson Plans to Sell Philips Inventory to Miami Distributor	Becky Yerak	June 22, 2018 11:14 am ET	Bankrupt guitar maker Gibson Brands Inc. plans to sell its North American inventory of Philips headphones, speakers and other consumer-electronics accessories, valued at about $3 million, for $1.6 million to a Miami-area distributor.	https://www.wsj.com/articles/bankrupt-gibson-plans-to-sell-philips-inventory-to-miami-distributor-1529680448	1778
DORAL FINANCIAL CORP	null	FDIC Sues 16 Banks as Receiver for Failed Puerto Rico Bank	Lalita Clozel	February 21, 2018 11:50 am ET	The Federal Deposit Insurance Corp. sued 16 banks connected to the Libor rigging scandal as part of its effort to recover funds related to Doral Bank, a Puerto Rican institution that collapsed in 2015.	https://www.wsj.com/articles/fdic-sues-16-banks-as-receiver-for-failed-puerto-rico-bank-1519231829	1778
DORAL FINANCIAL CORP	null	Trump’s Arizona Visit Reminds GOP of His Agenda—and Baggage	null	August 23, 2017 08:17 am ET	News and analysis from the WSJ's Washington bureau.	https://www.wsj.com/articles/trumps-arizona-visit-reminds-gop-of-his-agendaand-baggage-1503490660	1778
DORAL FINANCIAL CORP	null	Trump Disclosure Shows Big Income Boost From Mar-a-Lago	Rebecca Ballhaus, Richard Rubin and Alexandra Berzon	June 16, 2017 09:00 pm ET	Some of the president’s real-estate properties have thrived since his election, and the financial form shows fresh sources of income from overseas as well.	https://www.wsj.com/articles/trump-disclosure-shows-big-income-boost-from-mar-a-lago-1497654025	1778
DORAL FINANCIAL CORP	null	How Hackers Ran Through Holes in Swift’s Network | 93 Words That Could Unlock $200B in Bank Capital | Monday Senate Vote on SEC Pick | Pricier ECB Bank Supervision | Tracy’s Take: After Cautious 100 Days, More to Come From Trump on Financial Regulation	null	May 1, 2017 07:43 am ET	The Wall Street Journal’s financial regulation newsletter for Monday, May 1, 2017.	https://www.wsj.com/articles/how-hackers-ran-through-holes-in-swifts-network-93-words-that-could-unlock-200b-in-bank-capital-monday-senate-vote-on-sec-pick-pricier-ecb-bank-supervision-tracys-take-after-cautious-100-days-more-to-come-from-trump-on-financial-regulation-1493639024	1778
DORAL FINANCIAL CORP	null	The Morning Ledger: Trump’s Team Vows to ‘Dismantle’ Dodd-Frank	Maxwell MurphySenior Editor	November 11, 2016 07:11 am ET	Good morning. President-elect Donald Trump’s transition team promised to dismantle the 2010 Dodd-Frank law, declaring that the coming administration will seek to remake the way the U.S. oversees the financial sector. The lineup includes everything from regulatory exemptions for community and regional banks to curbs on the federal government’s influence over consumer-finance products such as mortgages and payday loans.	http://blogs.wsj.com/cfo/2016/11/11/the-morning-ledger-trumps-team-vows-to-dismantle-dodd-frank-newsletter-draft/	1778
DORAL FINANCIAL CORP	null	Puerto Rico’s Doral Financial, FDIC Reach Bankruptcy Settlement	Tom Corrigan	August 16, 2016 04:43 pm ET	Doral Financial Corp., the former parent of Puerto Rico’s Doral Bank, settled a long-running dispute with the Federal Deposit Insurance Corporation, which took over the troubled bank last year.	http://www.wsj.com/articles/puerto-ricos-doral-financial-fdic-reach-bankruptcy-settlement-1471380189	1778
DORAL FINANCIAL CORP	null	Doral Financial Wins Approval to Put Reorganization Plan to a Vote	Lillian Rizzo	June 8, 2016 03:47 pm ET	Judge Shelley Chapman of the U.S. Bankruptcy Court in New York signed off on Doral Financial Corp.'s so-called disclosure statement ...	http://www.wsj.com/articles/DJFDBR0120160608ec68ncv60	1778
AMERISAFE	null	The Morning Ledger: U.S. Factory Activity Limps Along	Walé AzeezReporter	September 2, 2015 07:42 am ET	U.S. factory activity was at its slowest pace for more than two years in August, as a strong dollar and economic tumult overseas dragged on the domestic economy.	http://blogs.wsj.com/cfo/2015/09/02/the-morning-ledger-u-s-factory-activity-limps-along/	371
AMERISAFE	null	CFO Moves: Amerisafe, MobileIron	Kristin Lin	September 1, 2015 10:30 am ET	Amerisafe, MobileIron name new finance chiefs.	http://blogs.wsj.com/cfo/2015/09/01/cfo-moves-amerisafe-mobileiron/	371
AMERISAFE	null	CFO Moves: Scotts Miracle-Gro, Pall, Opexa Therapeutics, Cargill, Gulf Island Fabrication, Amerisafe	James WillhiteNews Editor	April 1, 2013 04:42 pm ET	Scotts Miracle-Gro found a replacement for the chief financial officer who resigned in January; Pall's next CFO is currently at United Technologies; Opexa Therapeutics' acting CFO will relinquish that title but remain on the board; Cargill's new CFO used to the be CEO of Sara Lee; Gulf Island Fabrication named an interim CFO; Amerisafe's CFO was promoted to chief operating officer.	http://blogs.wsj.com/cfo/2013/04/01/cfo-moves-scotts-miracle-gro-pall-opexa-therapeutics-cargill-gulf-island-fabrication-amerisafe/	371
AMERISAFE	null	Financials, Consumer-Discretionary Shares Weigh on Russell	Kristina Peterson	September 21, 2010 05:19 pm ET	The Russell 2000 index fell 5.32 points, or 0.8%, to 664.66, its first drop in three days.	https://www.wsj.com/articles/SB10001424052748703399404575506262509907450	371
AMERISAFE	null	Supertex Rallies 12%; Shift in SmallCap 600	Kejal Vyas	December 26, 2008 12:01 am ET	Small-cap stocks remained flat Wednesday, with gains in industrial companies offsetting a decline in energy names. The SmallCap 600 rose 1.33 points.	https://www.wsj.com/articles/SB123024070849433987	371
AMERISAFE	null	Two IPOs Have Subdued Debuts	Lynn Cowan	December 22, 2005 12:01 am ET	insurance-services company CRM and semiconductor designer Pixelplus typified a slow week for new stock offerings.	https://www.wsj.com/articles/SB113521785804029139	371
AMERISAFE	null	IPO of Under Armour Soars 95%	Lynn CowanDow Jones Newswires	November 19, 2005 12:01 am ET	The stock of Under Armour scored a touchdown in its first day of trading, posting the year's second-best gain for an initial public offering, at 95%, behind only the debut of Chinese search engine Baidu.com.	http://online.wsj.com/articles/SB113236632250302146	371
AMERISAFE	null	Welsh Carson's Amerisafe Sets IPO Terms at 8M Shares	null	November 1, 2005 12:00 pm ET	Amerisafe Inc., a workers' compensation insurance provider backed by Welsh Carson Anderson & Stowe, has set the terms of its initial public offering at 8 million shares with a price range of $9 to $11 per share, according to the a ...	https://www.wsj.com/articles/DJLBO2005110194019	371
AMERISAFE	null	Welsh Carson-Backed Workmen's Insurance Co. Files For IPO	null	August 4, 2005 12:00 pm ET	Amerisafe Inc., a portfolio company of Welsh Carson Anderson & Stowe and provider of workmen's compensation insurance, has filed to sell up to $92 million in shares in its initial public offering, according to a document filed ...	https://www.wsj.com/articles/DJLBO2005080485981	371
FURIEX PHARMACEUTICALS	null	Former Oppenheimer Adviser Charged in Insider-Trading Case	Nicole Hong	June 3, 2016 03:00 pm ET	A former financial adviser at Oppenheimer & Co. Inc. was charged on Friday with participating for six years in an insider-trading scheme with his close childhood friend, a former Pfizer Inc. employee.	http://www.wsj.com/articles/former-oppenheimer-adviser-charged-in-insider-trading-case-1464980430	2344
FURIEX PHARMACEUTICALS	null	Valeant Settles With Specialty Pharmacy	Liz Hoffman, Jacquie McNish and Anne Steele	March 9, 2016 06:00 pm ET	Valeant added three new board directors and settled a billing dispute with a specialty pharmacy as the drugmaker looks to reassure investors.	http://www.wsj.com/articles/valeant-adds-three-board-members-1457529904	2344
FURIEX PHARMACEUTICALS	null	Valeant in Talks to Add New Board Members	Liz Hoffman and Jacquie McNish	March 8, 2016 04:59 pm ET	Drugmaker Valeant Pharmaceuticals is in discussions to add as many as three new directors to its board as it seeks to reassure investors.	http://www.wsj.com/articles/valeant-in-talks-to-add-new-board-members-1457474370	2344
FURIEX PHARMACEUTICALS	null	In Deal Boom, More Firms Ask: Is My Banker Conflicted?	Liz Hoffman	March 2, 2016 08:14 pm ET	Bankers face pitfalls in the current deal boom. Corporate boards have become hypersensitive to conflicts—real or perceived—and are demanding a higher degree of loyalty from their advisers.	http://www.wsj.com/articles/in-deal-boom-more-firms-ask-is-my-banker-conflicted-1456957142	2344
FURIEX PHARMACEUTICALS	null	Venture Investors Seed Meryx for New Approach to Immuno-Oncology	Brian Gormley	June 29, 2015 06:55 am ET	With drug makers scoring victories over cancer through new immuno-oncology therapies, venture capitalists have seeded Meryx Inc. to advance another approach to enlisting the immune system in the fight against tumors.	http://www.wsj.com/articles/DJFVW00120150629eb6tadcnf	2344
FURIEX PHARMACEUTICALS	null	Cadwalader Seeks Activist Clients	Liz Hoffman and David Benoit	June 7, 2015 11:35 pm ET	Cadwalader, Wickersham & Taft is diving into the business of representing activist investors, betting that these agitators are going mainstream—and offer a lucrative business opportunity for advisers.	http://www.wsj.com/articles/cadwalader-hires-new-partner-as-it-looks-to-represent-activist-investors-1433734202	2344
FURIEX PHARMACEUTICALS	null	FDA Clears Two Irritable Bowel Syndrome Treatments	Josh Beckerman	May 27, 2015 07:57 pm ET	The U.S. Food and Drug Administration has cleared two treatments for irritable bowel syndrome with diarrhea, approving drugs that are both linked to recent merger activity in the sector.	http://www.wsj.com/articles/fda-clears-two-treatments-for-irritable-bowel-syndrome-with-diarrhea-1432771043	2344
FURIEX PHARMACEUTICALS	null	Innocrin Takes $28M in Series D Financing for Cancer Trials	null	April 21, 2015 04:46 pm ET	A drug developer that counts the venture-investment arms of Eli Lilly & Co. and Novartis AG among its investors has turned to a venture fund led by pharmaceutical-industry veteran Fred Eshelman to lead its latest funding round.	http://www.wsj.com/articles/DJFVW00120150421eb4lp4cgn	2344
FURIEX PHARMACEUTICALS	null	Backdoor Tax Increases May Hit Investors	Laura Saunders	September 11, 2014 02:04 pm ET	Profits from inversions and other corporate deals could trigger alternative minimum tax, exemption phaseouts and other provisions.	http://online.wsj.com/articles/backdoor-tax-increases-may-hit-investors-this-year-1410458648	2344
FURIEX PHARMACEUTICALS	null	Actavis Swings to Profit	Tess Stynes	April 30, 2014 07:26 am ET	Actavis swung to a first-quarter profit on strong sales that were boosted by strength in its generic drug business and contributions from a recent acquisition.	http://online.wsj.com/article/SB10001424052702303678404579533363736308356.html	2344
FURIEX PHARMACEUTICALS	null	Forest Laboratories Results Surge, Easily Top Views	Michael Calia	April 29, 2014 12:07 pm ET	Forest Laboratories Inc. said Tuesday its fiscal fourth-quarter profit jumped 19% on a surge in revenue driven by sales of next generation products and benefits from recent acquisitions.	http://www.wsj.com/articles/DJFHYW0020140429ea4ti66ek	2344
FURIEX PHARMACEUTICALS	null	Forest Laboratories Results Surge, Easily Top Views	Michael Calia	April 29, 2014 07:43 am ET	Forest Laboratories Inc. said Tuesday its fiscal fourth-quarter profit jumped 19% on a surge in revenue driven by sales of next generation products and benefits from recent acquisitions.	http://online.wsj.com/article/SB10001424052702303939404579531372135330340.html	2344
FURIEX PHARMACEUTICALS	null	Forest Labs to Acquire Furiex Pharmaceuticals for Up to $1.33 Billion	Tess Stynes	April 28, 2014 12:04 pm ET	Forest Laboratories Inc. agreed to acquire Furiex Pharmaceuticals Inc. in a deal worth up to $1.33 billion that expands Forest Labs' presence in gastroenterology.	http://www.wsj.com/articles/DJFHYW0020140428ea4si3f1t	2344
FURIEX PHARMACEUTICALS	null	Forest Labs to Acquire Furiex	Tess Stynes	April 28, 2014 10:11 am ET	Forest Laboratories agreed to acquire Furiex Pharmaceuticals in a deal worth up to $1.5 billion that expands Forest Labs' presence in gastroenterology.	http://online.wsj.com/article/SB10001424052702304893404579529403097111582.html	2344
FURIEX PHARMACEUTICALS	null	Stocks to Watch: AstraZeneca, Furiex, Susser	Lauren Pollock	April 28, 2014 09:18 am ET	Among the companies with shares expected to actively trade in Monday's session are AstraZeneca PLC, Furiex Pharmaceuticals Inc. and Susser Holdings Corp.	http://blogs.wsj.com/moneybeat/2014/04/28/stocks-to-watch-astrazeneca-furiex-susser/	2344
FURIEX PHARMACEUTICALS	null	The Mother of All Momentum Stocks Keeps Surging	Steven Russolillo	February 27, 2014 10:58 pm ET	Intercept Pharmaceuticals shares have rallied 531% this year, making the company this year's poster child for what traders have dubbed as momentum stocks.	http://blogs.wsj.com/moneybeat/2014/02/27/the-mother-of-all-momentum-stocks-keeps-surging/	2344
FURIEX PHARMACEUTICALS	null	Clinical Development News, Feb. 3-7	Zachary Cole	February 7, 2014 07:31 pm ET	REGiMMUNE Corp., Tokyo, has initiated a Phase II study of its RGI-2001 in patients undergoing allogeneic ...	http://www.wsj.com/articles/DJFVW00020140207ea27t8y36	2344
FURIEX PHARMACEUTICALS	null	Stock to Watch: ATMI, J.C. Penney, Michael Kors	Michael Calia	February 4, 2014 10:03 am ET	Among the companies with shares expected to actively trade in Tuesday's session are ATMI Inc., J.C. Penney Co. and Michael Kors Holdings Ltd.	http://blogs.wsj.com/moneybeat/2014/02/04/stock-to-watch-atmi-j-c-penney-michael-kors/	2344
FURIEX PHARMACEUTICALS	null	TVM Life Science Launches Sexual-Health Drug-Developer Ixchelsis	Brian Gormley	August 6, 2013 05:48 pm ET	TVM Capital Life Science is committing $14 million to Ixchelsis Ltd., a startup developing an oral drug for a common male sexual-health disorder with no approved treatment in the U.S.: premature ejaculation.	http://www.wsj.com/articles/DJFVW00020130806e986qo1s8	2344
FURIEX PHARMACEUTICALS	null	TVM Life Science Launches Sexual-Health Drug-Developer Ixchelsis	Brian Gormley	August 6, 2013 05:47 pm ET	TVM Capital Life Science is committing $14 million to Ixchelsis Ltd., a startup developing an oral drug for a common male sexual-health disorder with no approved treatment in the U.S.: premature ejaculation.	http://www.wsj.com/articles/DJFVW00020130806e986qndig	2344
SELECT COMFORT	null	The Garden Is the New Home Office, Thanks to the Sanity Shed	Kathryn O’Shea-Evans	October 16, 2020 03:23 pm ET	As we settle into working and learning from home, repurposed backyard garden sheds and prefab outbuildings offer a pleasant soft divide between family and work life.	https://www.wsj.com/articles/the-garden-is-the-new-home-office-thanks-to-the-sanity-shed-11602876181	4920
SELECT COMFORT	null	Transcript: WSJ Interview With San Francisco Fed President Mary Daly	null	October 15, 2020 02:53 pm ET	San Francisco Federal Reserve President Mary Daly discussed the central bank’s tool kit and the need for a combined monetary and fiscal push to support the U.S. economy through the Covid-19 shock.	https://www.wsj.com/articles/transcript-wsj-interview-with-san-francisco-fed-president-mary-daly-11602788005	4920
SELECT COMFORT	null	The Captain of Operation Warp Speed	Allysia Finley	October 9, 2020 05:21 pm ET	Moncef Slaoui explains how a public-private partnership is overcoming technical and bureaucratic obstacles to find a way of inoculating against Covid.	https://www.wsj.com/articles/the-captain-of-operation-warp-speed-11602278486	4920
SELECT COMFORT	null	5 Intimidating Wines That Are Actually Easy to Love	Lettie Teague	October 8, 2020 10:05 am ET	Our wine columnist polled oenophiles on the wines they find most challenging. Then she selected examples so delicious, they sway even the skittish.	https://www.wsj.com/articles/5-intimidating-wines-that-are-actually-easy-to-love-11602165932	4920
SELECT COMFORT	null	Comforting EPs for Troubled Times	Mark Richardson	October 7, 2020 05:43 pm ET	New releases from Kurt Vile and Yo La Tengo feature original songs alongside covers and serve as reminders of the simple pleasure of listening to well-rendered music.	https://www.wsj.com/articles/comforting-eps-for-troubled-times-11602107010	4920
SELECT COMFORT	null	How to Create a Cozy, Classic American Living Room	Kathryn O’Shea-Evans	September 25, 2020 12:53 pm ET	The interior designer responsible for the décor of the Obama White House finds lots to learn in American decorator Billy Baldwin’s understated take on swank.	https://www.wsj.com/articles/how-to-create-a-cozy-classic-american-living-room-11601052816	4920
SELECT COMFORT	null	IPO Market Parties Like It’s 1999	Corrie Driebusch	September 25, 2020 12:47 pm ET	Even in the midst of a recession, investors are pouring money into newly public companies at levels on par with the dot-com era. A shift in the economy and low interest rates are helping drive the frenzy of activity.	https://www.wsj.com/articles/ipo-market-parties-like-its-1999-11601052419	4920
SELECT COMFORT	null	Fed Officials Step Up Calls for More Government Spending to Speed Economic Recovery	Nick Timiraos	September 23, 2020 08:01 pm ET	Fed officials say additional fiscal stimulus is needed to avoid an uneven and protracted recovery from the coronavirus pandemic.	https://www.wsj.com/articles/fed-officials-emphasize-need-for-additional-relief-to-ensure-robust-recovery-11600872897	4920
SELECT COMFORT	null	A New Prescription: A Dose of Live Music for Hospital Patients	Sumathi Reddy	September 14, 2020 10:20 am ET	A professional violist is playing for neurology patients at a Chicago hospital to study music’s effect on their anxiety and isolation; “It’s very comforting for people when they’re sick.”	https://www.wsj.com/articles/a-new-prescription-a-dose-of-live-music-for-hospital-patients-11600093249	4920
SELECT COMFORT	null	The Biggest Money Mistakes People Make in a Recession	null	September 13, 2020 11:00 am ET	Facing a downturn is hard enough without falling into the common traps in the way we save, invest and spend.	https://www.wsj.com/articles/the-biggest-money-mistakes-people-make-in-a-recession-11600009201	4920
SELECT COMFORT	null	Clothing Retailers Go Casual as Consumers Spurn Dressy Clothes	Micah Maidenberg	August 27, 2020 06:44 pm ET	Americans’ newfound love for sweatpants has apparel retailers racing to get casual, as they try to kick-start sales decimated by coronavirus-related store closures.	https://www.wsj.com/articles/clothing-retailers-go-casual-as-consumers-spurn-dressy-clothes-11598568277	4920
SELECT COMFORT	null	A Part Art Deco, Part Old-World Glamour Apartment in Columbus	Adrienne Gaffney	August 27, 2020 11:45 am ET	An Ohio couple moved from their 13,000-square-foot home to a city high-rise, bringing only their piano and art collection with them.	https://www.wsj.com/articles/a-part-art-deco-part-old-world-glamour-apartment-in-columbus-11598543144	4920
SELECT COMFORT	null	What Derailed America’s Covid Testing: Three Lost Weeks	Stephanie Armour, Brianna Abbott, Thomas M. Burton and Betsy McKay	August 18, 2020 12:20 pm ET	The federal coronavirus test wasn’t working in February. The pathogen spread unchecked for 21 critical days while health leaders dismissed other solutions, underestimated the risk and remained confident they could fix the problem. “We quickly got behind.”	https://www.wsj.com/articles/us-coronavirus-covid-testing-delay-11597267543	4920
SELECT COMFORT	null	Biden’s Top Running-Mate Contenders Emerge as He Enters Key Week	Tarini Parti and Ken Thomas	August 1, 2020 07:54 pm ET	Joe Biden is entering his most crucial week since becoming the presumptive Democratic presidential nominee, as he decides which woman he will ask to be his running mate.	https://www.wsj.com/articles/bidens-top-running-mate-contenders-emerge-as-he-enters-key-week-11596274200	4920
SELECT COMFORT	null	How to Turn Your Bike Into a Connected Workout Station	Nicole Nguyen	July 19, 2020 09:00 am ET	The virtual Tour de France showed that riding indoors is actually fun. Here’s how to set up your own stationary internet-connected bike at home.	https://www.wsj.com/articles/peloton-schmelotonheres-how-to-turn-your-bike-into-a-connected-workout-station-11595163600	4920
SELECT COMFORT	null	First Federal Execution Since 2003 Is Set for Monday	Sadie Gurman	July 9, 2020 07:00 am ET	The first planned federal execution in 17 years is that of a convicted killer whose victims’ relatives have told President Trump that putting him to death would only compound their grief and have asked a federal judge to halt it.	https://www.wsj.com/articles/first-federal-execution-since-2003-is-set-for-monday-11594292401	4920
SELECT COMFORT	null	Some Private-Equity Firms See Early Signs of a Deal Thaw	Preeti Singh	July 6, 2020 07:00 am ET	Private-equity investors and bankers say they have seen deal activity start to slowly pick up in recent weeks after the coronavirus pandemic virtually stalled activity for more than three months.	https://www.wsj.com/articles/some-private-equity-firms-see-early-signs-of-a-deal-thaw-11593631672	4920
SELECT COMFORT	null	How to Keep Your Phone Working When There’s No Service	Nicole Nguyen	July 5, 2020 09:00 am ET	Before you hit the road or go off the grid, download these helpful apps that work without an internet connection, and consider gear to keep your phone charged and safely positioned when you’re out of service range.	https://www.wsj.com/articles/how-to-keep-your-phone-working-when-theres-no-service-11593954000	4920
SELECT COMFORT	null	Coffee’s for Closers: How a Short Seller’s Warning Helped Take Down Luckin Coffee	Jing Yang in Hong Kong, Juliet Chung in New York and Julie Steinberg in London	June 29, 2020 05:30 am ET	In January, days after the shares of Luckin Coffee hit a record high on the Nasdaq Stock Market, giving the company a $12 billion valuation, a cryptic email arrived in the inboxes of multiple short sellers.	https://www.wsj.com/articles/coffees-for-closers-how-a-short-sellers-warning-helped-take-down-luckin-coffee-11593423002	4920
SELECT COMFORT	null	Black Executives Are Sharing Their Experiences of Racism, Many for the First Time	Khadeeja Safdar and Keach Hagey	June 26, 2020 10:36 am ET	Black people make up 12.4% of the U.S. population, but only 8% of professionals and 3% of senior executives. Those in the top ranks say now is the time to speak out after years of keeping silent.	https://www.wsj.com/articles/black-executives-are-sharing-their-experiences-of-racism-many-for-the-first-time-11593182200	4920
VASCULAR SOLUTIONS INC	null	VC Daily: Funding to Women Founders Drops; Self-Driving Partnerships Persist; New Heritage Capital’s New Fund	null	October 12, 2020 09:32 am ET	While investing in small autonomous vehicle startups has cooled, partnership moves among large players in this space are abundant. TechCrunch’s virtual mobility conference last week featured executives who touched on several reasons why.	https://www.wsj.com/articles/vc-daily-funding-to-women-founders-drops-self-driving-partnerships-persist-new-heritage-capitals-new-fund-11602509532	5763
VASCULAR SOLUTIONS INC	null	The Business Value of Augmented Reality	Irving Wladawsky-Berger	July 5, 2019 10:11 am ET	The constraint of dealing with highly complex products is no longer a lack of data and insights, but rather, how humans best assimilate and act on them. Enter augmented reality.	https://www.wsj.com/articles/the-business-value-of-augmented-reality-01562335890	5763
VASCULAR SOLUTIONS INC	null	The Operating Room of the Future	Laura Landro	May 28, 2018 10:11 pm ET	A host of changes hold out the promise that surgery will be more efficient, more effective and less risky for patients.	https://www.wsj.com/articles/the-operating-room-of-the-future-1527559862	5763
VASCULAR SOLUTIONS INC	null	The Add-On Deal Roundup: Sept. 28	null	September 28, 2017 05:44 pm ET	Masterbuilt Manufacturing LLC, a Dominus Capital-backed manufacturer of outdoor cooking appliances, acquired the Smoke Hollow division of Outdoor Leisure Products Inc., a Neosho, Mo., maker of outdoor grills and smokers.	https://www.wsj.com/articles/the-add-on-deal-roundup-sept-28-1506621332	5763
VASCULAR SOLUTIONS INC	null	Altaris-Backed HealthTronics Weighs a Sale	Laura Cooper	June 13, 2017 07:30 am ET	The company, which provides mobile medical equipment and services for urologists, retained investment bank Jefferies LLC for the process.	https://www.wsj.com/articles/altaris-backed-healthtronics-weighs-a-sale-1497353401	5763
VASCULAR SOLUTIONS INC	null	Clinical Development News, May 15-19	Zachary Cole	May 19, 2017 07:13 pm ET	The following is a list of clinical development news from private and public companies during the week of May 15-19.	https://www.wsj.com/articles/clinical-development-news-may-15-19-1495235618	5763
VASCULAR SOLUTIONS INC	null	Sally Yates’s Legacy of Injustice at the Department of Justice	Howard Root	February 16, 2017 07:11 pm ET	In 2015 she signed a memo that makes a potential criminal of every CEO. Time to tear it up.	https://www.wsj.com/articles/sally-yatess-legacy-of-injustice-at-the-department-of-justice-1487290306	5763
VASCULAR SOLUTIONS INC	null	Norwest Promotes Four Employees	null	December 15, 2016 03:16 pm ET	Norwest Equity Partners said it promoted Taylor Moore and Jason Sondell to the roles of principal from director positions, Emma Gergen to director from senior associate and Brandon Ressler to assistant controller from senior accountant.	http://www.wsj.com/articles/norwest-promotes-four-employees-1481833010	5763
VASCULAR SOLUTIONS INC	null	ICU Medical To Buy Pfizer Unit in $1 Billion Deal	Joshua Jamerson	October 6, 2016 09:38 am ET	ICU Medical agreed to buy Pfizer’s infusion-systems business in a $1 billion cash-and-stock deal, giving the California medical-device maker a larger footprint in the global market.	http://www.wsj.com/articles/icu-medical-to-buy-pfizer-unit-in-1-billion-deal-1475761083	5763
VASCULAR SOLUTIONS INC	null	Medtronic Profit Rises, Helped by Lower Expenses	Joshua Jamerson	August 25, 2016 07:44 am ET	Medtronic PLC said quarterly sales fell across most of its segments, though the medical-device maker’s profit grew thanks to a drop in expenses.	http://www.wsj.com/articles/medtronic-profit-rises-helped-by-lower-expenses-1472125453	5763
VASCULAR SOLUTIONS INC	null	Medtronic Revenue Continues to Grow on Acquisition	Anne Steele	May 31, 2016 07:51 am ET	Medtronic gave a rosy revenue outlook for the year and reported better-than-expected growth in its fourth quarter, helped by its acquisition of Covidien.	http://www.wsj.com/articles/medtronic-revenue-continues-to-grow-on-acquisition-1464695468	5763
VASCULAR SOLUTIONS INC	null	Criminal Trials of Former Health-Care Executives Set to Begin	Peter Loftus	May 22, 2016 05:30 am ET	Two criminal trials of former health-care executives set to begin in a Boston courthouse illustrate what the federal government says is a new push to hold more individuals accountable for alleged corporate wrongdoing.	http://www.wsj.com/articles/criminal-trials-of-former-health-care-executives-set-to-begin-1463909404	5763
VASCULAR SOLUTIONS INC	null	More People News for Sept. 25	null	September 25, 2015 06:32 pm ET	Palmaz Scientific Inc. has named Philippe Henri Marco as its president and chief executive, according to a news release. Dr. Marco previously worked as a general partner Chansu Consulting LLC, where he helped to provide support for ...	http://www.wsj.com/articles/DJFVW00120150925eb9prrq47	5763
VASCULAR SOLUTIONS INC	null	Roundup of Form D Regulatory Filings--Sept. 11	Zachary Cole	September 11, 2015 07:00 pm ET	(The following is a roundup of selected companies that have revealed securities sales in recent Form D regulatory filings. These companies are required to file a Form D notification within 15 days after the first sale of securities in an ...	http://www.wsj.com/articles/DJFVW00120150911eb9bsgvlf	5763
VASCULAR SOLUTIONS INC	null	Roundup of Form D Regulatory Filings (Life Sciences)--March 5	Zachary Cole	March 5, 2015 07:34 pm ET	(The following is a roundup of selected companies that have revealed securities sales in recent Form D regulatory filings. These companies are required to file a Form D notification within 15 days after the first sale of securities in an ...	http://www.wsj.com/articles/DJFVW00120150305eb35tbx33	5763
VASCULAR SOLUTIONS INC	null	Roundup of Form D Regulatory Filings--March 5	Zachary Cole	March 5, 2015 07:32 pm ET	(The following is a roundup of selected companies that have revealed securities sales in recent Form D regulatory filings. These companies are required to file a Form D notification within 15 days after the first sale of securities in an ...	http://www.wsj.com/articles/DJFVW00120150305eb35t9lhh	5763
VASCULAR SOLUTIONS INC	null	Covidien Earnings Rise on Growth in Surgical Sales	Angela Chen	January 22, 2015 09:30 am ET	Covidien said earnings jumped 28% on sales growth in its core surgical products segment, ahead of the company’s merger with medical-device maker Medtronic Inc.	http://online.wsj.com/articles/covidien-earnings-rise-on-growth-in-surgical-sales-1421937034	5763
VASCULAR SOLUTIONS INC	null	Clinical Development News, Nov. 10-14	Zachary Cole	November 14, 2014 06:50 pm ET	BioCardia Inc., San Carlos, Calif., received approval to begin a Phase III trial of its bone ...	http://www.wsj.com/articles/DJFVW00120141114eabes8j72	5763
VASCULAR SOLUTIONS INC	null	Covidien Acquires Sapheon for Vein Treatment as it Nears Medtronic Merger	Timothy Hay	August 28, 2014 05:35 pm ET	Irish medical-technology company Covidien PLC has been on an acquisitive streak as it inches toward a merger with Medtronic Inc., which is expected to close by the end of the year.	http://www.wsj.com/articles/DJFVW00120140828ea8sqd0e3	5763
VASCULAR SOLUTIONS INC	null	The Morning Ledger: Billion-Dollar Error Spurred Walgreen CFO Departure	James Willhite	August 20, 2014 06:32 am ET	Trying to profit amid the complex web of regulations and pricing involved in Medicare is challenging enough. But a recent management shake-up at Walgreen Co. shows that it isn't just risky for the bottom line—it can be hazardous for a finance chief's career as well.	http://blogs.wsj.com/cfo/2014/08/20/the-morning-ledger-billion-dollar-error-spurred-walgreen-cfos-departure/	5763
VASCULAR SOLUTIONS INC	null	Court Lifts Injunction Against Boston Scientific	Anna Prior	April 15, 2014 01:03 pm ET	Vascular Solutions said a U.S. appeals court has lifted a preliminary injunction placed by a district court on a Boston Scientific guide-extension catheter, the latest development in a patent fight between the medical device makers.	http://online.wsj.com/article/SB10001424052702303663604579503644272722228.html	5763
VASCULAR SOLUTIONS INC	null	Roundup of Form D Regulatory Filings--Feb. 20	Zachary Cole	February 20, 2014 06:09 pm ET	(The following is a roundup of selected companies that have revealed securities sales in recent Form D regulatory filings. These companies are required to file a Form D notification within 15 days after the first sale of securities in an ...	http://www.wsj.com/articles/DJFVW00020140220ea2kr6xh0	5763
VASCULAR SOLUTIONS INC	null	Roundup of Form D Regulatory Filings (Life Sciences)--Dec. 24	Zachary Cole	December 24, 2013 04:39 pm ET	(The following is a roundup of selected companies that have revealed securities sales in recent Form D regulatory filings. These companies are required to file a Form D notification within 15 days after the first sale of securities in an ...	http://www.wsj.com/articles/DJFVW00020131224e9cooylc4	5763
VASCULAR SOLUTIONS INC	null	Roundup of Form D Regulatory Filings--Dec. 24	Zachary Cole	December 24, 2013 04:35 pm ET	(The following is a roundup of selected companies that have revealed securities sales in recent Form D regulatory filings. These companies are required to file a Form D notification within 15 days after the first sale of securities in an ...	http://www.wsj.com/articles/DJFVW00020131224e9coousc9	5763
VASCULAR SOLUTIONS INC	null	Roundup of Form D Regulatory Filings--Dec. 23	Zachary Cole	December 23, 2013 05:37 pm ET	(The following is a roundup of selected companies that have revealed securities sales in recent Form D regulatory filings. These companies are required to file a Form D notification within 15 days after the first sale of securities in an ...	http://www.wsj.com/articles/DJFVW00020131223e9cnqealh	5763
VASCULAR SOLUTIONS INC	null	Roundup of Form D Regulatory Filings--Nov. 26	Zachary Cole	November 26, 2013 05:20 pm ET	(The following is a roundup of selected companies that have revealed securities sales in recent Form D regulatory filings. These companies are required to file a Form D notification within 15 days after the first sale of securities in an ...	http://www.wsj.com/articles/DJFVW00020131126e9bqpzfje	5763
VASCULAR SOLUTIONS INC	null	Stocks to Watch: Endo Health, Michael Kors, CVS	Lauren Pollock	November 5, 2013 09:38 am ET	Among the companies with shares expected to actively trade in Tuesday's session are Endo Health, Michael Kors and CVS.	http://blogs.wsj.com/moneybeat/2013/11/05/stocks-to-watch-endo-health-michael-kors-cvs/	5763
VASCULAR SOLUTIONS INC	null	Roundup of Form D Regulatory Filings--Sept. 26	Zachary Cole	September 26, 2013 05:20 pm ET	(The following is a roundup of selected companies that have revealed securities sales in recent Form D regulatory filings. These companies are required to file a Form D notification within 15 days after the first sale of securities in an ...	http://www.wsj.com/articles/DJFVW00020130926e99qpyy15	5763
VASCULAR SOLUTIONS INC	null	Roundup of Form D Regulatory Filings--April 15	Zachary Cole	April 15, 2013 06:23 pm ET	(The following is a roundup of selected companies that have revealed securities sales in recent Form D regulatory filings. These companies are required to file a Form D notification within 15 days after the first sale of securities in an ...	http://www.wsj.com/articles/DJFVW00020130415e94frk4hb	5763
VASCULAR SOLUTIONS INC	null	Stocks to Watch: J.C. Penney, Medley Capital, Corrections Corp.	null	April 9, 2013 09:00 am ET	Among the companies with shares expected to actively trade in Tuesday's session are J.C. Penney, Medley Capital Corp. and Corrections Corp. of America.	http://blogs.wsj.com/marketbeat/2013/04/09/stocks-to-watch-j-c-penney-medley-capital-corrections-corp/	5763
VASCULAR SOLUTIONS INC	null	J&J's Cordis Acquires Flexible Stenting Solutions	null	March 12, 2013 04:31 pm ET	Cordis Corp., a Johnson & Johnson company developing interventional vascular technology, has acquired Flexible Stenting Solutions Inc., a venture-backed stent developer.	http://www.wsj.com/articles/DJFVW00020130312e93corp9q	5763
VASCULAR SOLUTIONS INC	null	J&J's Cordis Acquires Flexible Stenting Solutions	null	March 12, 2013 04:30 pm ET	Cordis Corp., a Johnson & Johnson company developing interventional vascular technology, has acquired Flexible Stenting Solutions Inc., a venture-backed stent developer.	http://www.wsj.com/articles/DJFVW00020130312e93coqgi4	5763
VASCULAR SOLUTIONS INC	null	Clinical Development News, Jan. 7-11	null	January 14, 2013 02:41 pm ET	Aptalis Pharma Inc., Bridgewater, N.J., said its Aeroquin (levofloxacin inhalation solution) met the ...	http://www.wsj.com/articles/DJFVW00020130114e91em0p7d	5763
VASCULAR SOLUTIONS INC	null	JenaValve Appoints Raymond W. Cohen as Executive Chairman	null	January 7, 2013 05:18 pm ET	JenaValve Technology Inc., a venture-backed developer of transcatheter-delivered aortic valve systems, said it has appointed veteran medical device executive Raymond W. Cohen as executive chairman of its board of directors.	http://www.wsj.com/articles/DJFVW00020130107e917pxw2h	5763
VASCULAR SOLUTIONS INC	null	JenaValve Appoints Raymond W. Cohen as Executive Chairman	null	January 7, 2013 05:18 pm ET	JenaValve Technology Inc., a venture-backed developer of transcatheter-delivered aortic valve systems, said it has appointed veteran medical device executive Raymond W. Cohen as executive chairman of its board of directors.	http://www.wsj.com/articles/DJFVW00020130107e917px4k6	5763
VASCULAR SOLUTIONS INC	null	Stocks to Watch: Finish Line, Accuray, Coinstar	null	January 4, 2013 09:44 am ET	Among the companies with shares expected to actively trade in Friday's session are Finish Line, Accuray and Coinstar.	http://blogs.wsj.com/marketbeat/2013/01/04/stocks-to-watch-finish-line-accuray-coinstar/	5763
VASCULAR SOLUTIONS INC	null	Roundup of Form D Regulatory Filings	Zachary Cole	November 26, 2012 04:38 pm ET	(The following is a roundup of selected companies that have revealed fundraising activity in recent Form D regulatory filings. These companies are required to file a Form D notification within 15 days after the first sale of securities in ...	http://www.wsj.com/articles/DJFVW00020121126e8bqoxayr	5763
VASCULAR SOLUTIONS INC	null	Roundup of Form D Regulatory Filings	Zachary Cole	November 26, 2012 04:37 pm ET	(The following is a roundup of selected companies that have revealed fundraising activity in recent Form D regulatory filings. These companies are required to file a Form D notification within 15 days after the first sale of securities in ...	http://www.wsj.com/articles/DJFVW00020121126e8bqowidn	5763
VASCULAR SOLUTIONS INC	null	Intact Vascular Eyes Europe, Raises $15.5M Series A	Timothy Hay	September 5, 2012 06:26 pm ET	As it prepares to commercially launch its implantable angioplasty devices in Europe, Intact Vascular Inc. has raised a $15.5 million Series A round to gather more clinical data, the company said.	http://www.wsj.com/articles/DJFVW00020120905e895rmcxs	5763
VASCULAR SOLUTIONS INC	null	Intact Vascular Eyes Europe, Raises $15.5M Series A	Timothy Hay	September 5, 2012 06:26 pm ET	As it prepares to commercially launch its implantable angioplasty devices in Europe, Intact Vascular Inc. has raised a $15.5 million Series A round to gather more clinical data, the company said.	http://www.wsj.com/articles/DJFVW00020120905e895rn17k	5763
VASCULAR SOLUTIONS INC	null	Roundup of Form D Regulatory Filings	Zachary Cole	August 14, 2012 05:27 pm ET	(The following is a roundup of selected companies that have revealed fundraising activity in recent Form D regulatory filings. These companies are required to file a Form D notification within 15 days after the first sale of securities in ...	http://www.wsj.com/articles/DJFVW00020120814e88eq5vjy	5763
VASCULAR SOLUTIONS INC	null	Roundup of Form D Regulatory Filings	Zachary Cole	August 6, 2012 06:08 pm ET	(The following is a roundup of selected companies that have revealed fundraising activity in recent Form D regulatory filings. These companies are required to file a Form D notification within 15 days after the first sale of securities in ...	http://www.wsj.com/articles/DJFVW00020120806e886r6irg	5763
VASCULAR SOLUTIONS INC	null	With Series of Exits in Hand, BioStar Ventures Plans Third Medtech Fund	Brian Gormley	July 5, 2012 07:14 am ET	BioStar Ventures, which has sold positions in several medical-device holdings of late, plans to seek $100 million to $150 million for its third fund late this year or early in 2013.	http://www.wsj.com/articles/DJFVW00020120705e875au3ng	5763
VASCULAR SOLUTIONS INC	null	With Series of Exits in Hand, BioStar Ventures Plans Third Medtech Fund	Brian Gormley	July 5, 2012 07:14 am ET	BioStar Ventures, which has sold positions in several medical-device holdings of late, plans to seek $100 million to $150 million for its third fund late this year or early in 2013.	http://www.wsj.com/articles/DJFVW00020120705e875aukwt	5763
VASCULAR SOLUTIONS INC	null	Roundup Of Form D Regulatory Filings	Zachary Cole	February 10, 2012 09:50 pm ET	(The following is a roundup of selected companies that have revealed fund-raising activity in recent Form D regulatory filings. These companies are required to file a Form D notification within 15 days after the first sale of securities in ...	http://www.wsj.com/articles/DJFVW00020120210e82ar3v7e	5763
VASCULAR SOLUTIONS INC	null	Amid US Uncertainty, Life Sciences VCs Take Global Approach	Brian Gormley	February 10, 2012 06:48 pm ET	Surging demand for medical services abroad and uncertain regulatory and financial climates at home are driving U.S. venture capitalists to take an increasingly global approach to investing in health care.	http://www.wsj.com/articles/DJFVW00020120210e82aaolp2	5763
VASCULAR SOLUTIONS INC	null	Stocks to Watch: Lloyds Banking Group, eBay and More	Dave Kansas	June 30, 2011 09:27 am ET	Some stocks to watch this morning, including Lloyds Banking Group and eBay.	https://www.wsj.com/articles/BL-MB-35695	5763
VASCULAR SOLUTIONS INC	null	Morning MarketBeat: Earnings Parade Continues	Dave Kansas	April 25, 2011 07:40 am ET	Stock futures are higher, boosted by last week?s strong corporate earnings and expectations of more to come.	https://www.wsj.com/articles/BL-MB-34158	5763
